"date('Y-m-d H:i:s')",å³¶ç”°,åŠ¹å¤ªæœ—,080-9999-9999,shimada@nc-net.or.jp,CAD0011.caf
"date('Y-m-d H:i:s')",å³¶ç”°,åŠ¹å¤ªæœ—,080-9999-9999,shimada@nc-net.or.jp,product1.dxf
"date('Y-m-d H:i:s')",å³¶ç”°,åŠ¹å¤ªæœ—,080-9999-9999,shimada@nc-net.or.jp,CAD0011.caf
"date('Y-m-d H:i:s')",å³¶ç”°,åŠ¹å¤ªæœ—,080-9999-9999,shimada@nc-net.or.jp,product1.dxf
"date('Y-m-d H:i:s')",å³¶ç”°,åŠ¹å¤ªæœ—,080-9999-9999,shimada@nc-net.or.jp,CAD0011.caf
"date('Y-m-d H:i:s')",å³¶ç”°,åŠ¹å¤ªæœ—,080-9999-9999,shimada@nc-net.or.jp,product1.dxf
"date('Y-m-d H:i:s')",å³¶ç”°,åŠ¹å¤ªæœ—,080-9999-9999,shimada@nc-net.or.jp,CAD0011.caf
"date('Y-m-d H:i:s')",å³¶ç”°,åŠ¹å¤ªæœ—,080-9999-9999,shimada@nc-net.or.jp,product1.dxf
"date('Y-m-d H:i:s')",å³¶ç”°,åŠ¹å¤ªæœ—,080-9999-9999,shimada@nc-net.or.jp,CAD0011.caf
"date('Y-m-d H:i:s')",å³¶ç”°,åŠ¹å¤ªæœ—,080-9999-9999,shimada@nc-net.or.jp,product1.dxf
"date('Y-m-d H:i:s')",å³¶ç”°,åŠ¹å¤ªæœ—,080-9999-9999,shimada@nc-net.or.jp,CAD0011.caf
"date('Y-m-d H:i:s')",å³¶ç”°,åŠ¹å¤ªæœ—,080-9999-9999,shimada@nc-net.or.jp,product1.dxf
"date('Y-m-d H:i:s')",å³¶ç”°,åŠ¹å¤ªæœ—,080-9999-9999,shimada@nc-net.or.jp,CAD0011.caf
"date('Y-m-d H:i:s')",å³¶ç”°,åŠ¹å¤ªæœ—,080-9999-9999,shimada@nc-net.or.jp,product1.dxf
"date('Y-m-d H:i:s')",å³¶ç”°,åŠ¹å¤ªæœ—,080-9999-9999,shimada@nc-net.or.jp,CAD0011.caf
"date('Y-m-d H:i:s')",å³¶ç”°,åŠ¹å¤ªæœ—,080-9999-9999,shimada@nc-net.or.jp,product1.dxf
"date('Y-m-d H:i:s')",å³¶ç”°,åŠ¹å¤ªæœ—,080-9999-9999,shimada@nc-net.or.jp,CAD0011.caf
"date('Y-m-d H:i:s')",å³¶ç”°,åŠ¹å¤ªæœ—,080-9999-9999,shimada@nc-net.or.jp,product1.dxf
"date('Y-m-d H:i:s')",å³¶ç”°,åŠ¹å¤ªæœ—,080-9999-9999,shimada@nc-net.or.jp,CAD0011.caf
"date('Y-m-d H:i:s')",å³¶ç”°,åŠ¹å¤ªæœ—,080-9999-9999,shimada@nc-net.or.jp,product1.dxf
"date('Y-m-d H:i:s')",å³¶ç”°,åŠ¹å¤ªæœ—,080-9999-9999,shimada@nc-net.or.jp,CAD0011.caf
"date('Y-m-d H:i:s')",å³¶ç”°,åŠ¹å¤ªæœ—,080-9999-9999,shimada@nc-net.or.jp,product1.dxf
"date('Y-m-d H:i:s')",å³¶ç”°,åŠ¹å¤ªæœ—,080-9999-9999,shimada@nc-net.or.jp,CAD0011.caf
"date('Y-m-d H:i:s')",å³¶ç”°,åŠ¹å¤ªæœ—,080-9999-9999,shimada@nc-net.or.jp,product1.dxf
"date('Y-m-d H:i:s')",å³¶ç”°,åŠ¹å¤ªæœ—,080-9999-9999,shimada@nc-net.or.jp,CAD0011.caf
"date('Y-m-d H:i:s')",å³¶ç”°,åŠ¹å¤ªæœ—,080-9999-9999,shimada@nc-net.or.jp,product1.dxf
"date('Y-m-d H:i:s')",å³¶ç”°,åŠ¹å¤ªæœ—,080-9999-9999,shimada@nc-net.or.jp,CAD0011.caf
"date('Y-m-d H:i:s')",å³¶ç”°,åŠ¹å¤ªæœ—,080-9999-9999,shimada@nc-net.or.jp,product1.dxf
"date('Y-m-d H:i:s')",å³¶ç”°,åŠ¹å¤ªæœ—,080-9999-9990,shimada@nc-nor.jp,CAD0011.html
"date('Y-m-d H:i:s')",å³¶ç”°,åŠ¹å¤ªæœ—,080-9999-9990,shimada@nc-nor.jp,CAD0011.caf
"date('Y-m-d H:i:s')",å³¶ç”°,åŠ¹å¤ªæœ—,080-9999-9990,shimada@nc-nor.jp,CAD0011.html
"date('Y-m-d H:i:s')",å³¶ç”°,åŠ¹å¤ªæœ—,080-9999-9990,shimada@nc-nor.jp,CAD0011.caf
"date('Y-m-d H:i:s')",å³¶ç”°,åŠ¹å¤ªæœ—,080-9999-9990,shimada@nc-nor.jp,product1.caf
"date('Y-m-d H:i:s')",å³¶ç”°,åŠ¹å¤ªæœ—,080-9999-9990,shimada@nc-nor.jp,product1.dxf
"date('Y-m-d H:i:s')",å³¶ç”°,åŠ¹å¤ªæœ—,080-9999-9990,shimada@nc-nor.jp,CAD0011.html
"date('Y-m-d H:i:s')",å³¶ç”°,åŠ¹å¤ªæœ—,080-9999-9990,shimada@nc-nor.jp,CAD0011.caf
"date('Y-m-d H:i:s')",å³¶ç”°,åŠ¹å¤ªæœ—,080-9999-9990,shimada@nc-nor.jp,product1.caf
"date('Y-m-d H:i:s')",å³¶ç”°,åŠ¹å¤ªæœ—,080-9999-9990,shimada@nc-nor.jp,product1.dxf
"date('Y-m-d H:i:s')",å³¶ç”°,åŠ¹å¤ªæœ—,080-9999-9990,shimada@nc-nor.jp,CAD0011.html
"date('Y-m-d H:i:s')",å³¶ç”°,åŠ¹å¤ªæœ—,080-9999-9990,shimada@nc-nor.jp,CAD0011.caf
"date('Y-m-d H:i:s')",å³¶ç”°,åŠ¹å¤ªæœ—,080-9999-9990,shimada@nc-nor.jp,product1.caf
"date('Y-m-d H:i:s')",å³¶ç”°,åŠ¹å¤ªæœ—,080-9999-9990,shimada@nc-nor.jp,product1.dxf
"date('Y-m-d H:i:s')",å³¶ç”°,åŠ¹å¤ªæœ—,080-9999-9999,shimada@nc-nor.jp,"product5.txt "
"date('Y-m-d H:i:s')",å³¶ç”°,åŠ¹å¤ªæœ—,080-9999-9999,shimada@nc-nor.jp,"CAD0011.html "
"date('Y-m-d H:i:s')",å³¶ç”°,åŠ¹å¤ªæœ—,080-9999-9999,shimada@nc-nor.jp,"CAD0011.caf "
"date('Y-m-d H:i:s')",å³¶ç”°,åŠ¹å¤ªæœ—,080-9999-9999,shimada@nc-nor.jp,CAD0011.caf
"date('Y-m-d H:i:s')",å³¶ç”°,åŠ¹å¤ªæœ—,080-9999-9999,shimada@nc-nor.jp,CAD0011.dxf
"date('Y-m-d H:i:s')",å³¶ç”°,åŠ¹å¤ªæœ—,080-9999-9999,shimada@nc-nor.jp,product1.dxf
"date('Y-m-d H:i:s')",å³¶ç”°,åŠ¹å¤ªæœ—,080-9999-9999,shimada@nc-nor.jp,product1.txt
"date('Y-m-d H:i:s')",å³¶ç”°,åŠ¹å¤ªæœ—,08-9999-9999,shimada@nc-net.or.jp,CAD0011.html
"date('Y-m-d H:i:s')",å³¶ç”°,åŠ¹å¤ªæœ—,08-9999-9999,shimada@nc-net.or.jp,CAD0011.caf
"date('Y-m-d H:i:s')",å³¶ç”°,åŠ¹å¤ªæœ—,08-9999-9999,shimada@nc-net.or.jp,CAD0011.dxf
"date('Y-m-d H:i:s')",å³¶ç”°,åŠ¹å¤ªæœ—,08-9999-9999,shimada@nc-net.or.jp,product4.txt
"date('Y-m-d H:i:s')",å³¶ç”°,åŠ¹å¤ªæœ—,08-9999-9999,shimada@nc-net.or.jp,product1.caf
"date('Y-m-d H:i:s')",å³¶ç”°,åŠ¹å¤ªæœ—,08-9999-9999,shimada@nc-net.or.jp,product1.dxf
"date('Y-m-d H:i:s')",å³¶ç”°,åŠ¹å¤ªæœ—,08-9999-9999,shimada@nc-net.or.jp,CAD0011.html
"date('Y-m-d H:i:s')",å³¶ç”°,åŠ¹å¤ªæœ—,08-9999-9999,shimada@nc-net.or.jp,CAD0011.caf
"date('Y-m-d H:i:s')",å³¶ç”°,åŠ¹å¤ªæœ—,08-9999-9999,shimada@nc-net.or.jp,CAD0011.dxf
"date('Y-m-d H:i:s')",å³¶ç”°,åŠ¹å¤ªæœ—,08-9999-9999,shimada@nc-net.or.jp,product4.txt
"date('Y-m-d H:i:s')",å³¶ç”°,åŠ¹å¤ªæœ—,08-9999-9999,shimada@nc-net.or.jp,product1.caf
"date('Y-m-d H:i:s')",å³¶ç”°,åŠ¹å¤ªæœ—,08-9999-9999,shimada@nc-net.or.jp,product1.dxf
"date('Y-m-d H:i:s')",å³¶ç”°,åŠ¹å¤ªæœ—,08-9999-9999,shimada@nc-net.or.jp,CAD0011.html
"date('Y-m-d H:i:s')",å³¶ç”°,åŠ¹å¤ªæœ—,08-9999-9999,shimada@nc-net.or.jp,CAD0011.caf
"date('Y-m-d H:i:s')",å³¶ç”°,åŠ¹å¤ªæœ—,08-9999-9999,shimada@nc-net.or.jp,CAD0011.dxf
"date('Y-m-d H:i:s')",å³¶ç”°,åŠ¹å¤ªæœ—,08-9999-9999,shimada@nc-net.or.jp,product4.txt
"date('Y-m-d H:i:s')",å³¶ç”°,åŠ¹å¤ªæœ—,08-9999-9999,shimada@nc-net.or.jp,product1.caf
"date('Y-m-d H:i:s')",å³¶ç”°,åŠ¹å¤ªæœ—,08-9999-9999,shimada@nc-net.or.jp,product1.dxf
"date('Y-m-d H:i:s')",å³¶ç”°,åŠ¹å¤ªæœ—,08-9999-9999,shimada@nc-net.or.jp,CAD0011.html
"date('Y-m-d H:i:s')",å³¶ç”°,åŠ¹å¤ªæœ—,08-9999-9999,shimada@nc-net.or.jp,CAD0011.caf
"date('Y-m-d H:i:s')",å³¶ç”°,åŠ¹å¤ªæœ—,08-9999-9999,shimada@nc-net.or.jp,CAD0011.dxf
"date('Y-m-d H:i:s')",å³¶ç”°,åŠ¹å¤ªæœ—,08-9999-9999,shimada@nc-net.or.jp,product4.txt
"date('Y-m-d H:i:s')",å³¶ç”°,åŠ¹å¤ªæœ—,08-9999-9999,shimada@nc-net.or.jp,product1.caf
"date('Y-m-d H:i:s')",å³¶ç”°,åŠ¹å¤ªæœ—,08-9999-9999,shimada@nc-net.or.jp,product1.dxf
"date('Y-m-d H:i:s')",å³¶ç”°,åŠ¹å¤ªæœ—,08-9999-9999,shimada@nc-net.or.jp,CAD0011.html
"date('Y-m-d H:i:s')",å³¶ç”°,åŠ¹å¤ªæœ—,08-9999-9999,shimada@nc-net.or.jp,CAD0011.caf
"date('Y-m-d H:i:s')",å³¶ç”°,åŠ¹å¤ªæœ—,08-9999-9999,shimada@nc-net.or.jp,CAD0011.dxf
"date('Y-m-d H:i:s')",å³¶ç”°,åŠ¹å¤ªæœ—,08-9999-9999,shimada@nc-net.or.jp,product4.txt
"date('Y-m-d H:i:s')",å³¶ç”°,åŠ¹å¤ªæœ—,08-9999-9999,shimada@nc-net.or.jp,product1.caf
"date('Y-m-d H:i:s')",å³¶ç”°,åŠ¹å¤ªæœ—,08-9999-9999,shimada@nc-net.or.jp,product1.dxf
"date('Y-m-d H:i:s')",å³¶ç”°,åŠ¹å¤ªæœ—,08-9999-9999,shimada@nc-net.or.jp,CAD0011.html
"date('Y-m-d H:i:s')",å³¶ç”°,åŠ¹å¤ªæœ—,08-9999-9999,shimada@nc-net.or.jp,CAD0011.caf
"date('Y-m-d H:i:s')",å³¶ç”°,åŠ¹å¤ªæœ—,08-9999-9999,shimada@nc-net.or.jp,CAD0011.dxf
"date('Y-m-d H:i:s')",å³¶ç”°,åŠ¹å¤ªæœ—,08-9999-9999,shimada@nc-net.or.jp,product4.txt
"date('Y-m-d H:i:s')",å³¶ç”°,åŠ¹å¤ªæœ—,08-9999-9999,shimada@nc-net.or.jp,product1.caf
"date('Y-m-d H:i:s')",å³¶ç”°,åŠ¹å¤ªæœ—,08-9999-9999,shimada@nc-net.or.jp,product1.dxf
"date('Y-m-d H:i:s')",å³¶ç”°,åŠ¹å¤ªæœ—,08-9999-9999,shimada@nc-net.or.jp,CAD0011.html
"date('Y-m-d H:i:s')",å³¶ç”°,åŠ¹å¤ªæœ—,08-9999-9999,shimada@nc-net.or.jp,CAD0011.caf
"date('Y-m-d H:i:s')",å³¶ç”°,åŠ¹å¤ªæœ—,08-9999-9999,shimada@nc-net.or.jp,CAD0011.dxf
"date('Y-m-d H:i:s')",å³¶ç”°,åŠ¹å¤ªæœ—,08-9999-9999,shimada@nc-net.or.jp,product4.txt
"date('Y-m-d H:i:s')",å³¶ç”°,åŠ¹å¤ªæœ—,08-9999-9999,shimada@nc-net.or.jp,product1.caf
"date('Y-m-d H:i:s')",å³¶ç”°,åŠ¹å¤ªæœ—,08-9999-9999,shimada@nc-net.or.jp,product1.dxf
"date('Y-m-d H:i:s')",å³¶ç”°,åŠ¹å¤ªæœ—,08-9999-9999,shimada@nc-net.or.jp,CAD0011.html
"date('Y-m-d H:i:s')",å³¶ç”°,åŠ¹å¤ªæœ—,08-9999-9999,shimada@nc-net.or.jp,CAD0011.caf
"date('Y-m-d H:i:s')",å³¶ç”°,åŠ¹å¤ªæœ—,08-9999-9999,shimada@nc-net.or.jp,CAD0011.dxf
"date('Y-m-d H:i:s')",å³¶ç”°,åŠ¹å¤ªæœ—,08-9999-9999,shimada@nc-net.or.jp,product4.txt
"date('Y-m-d H:i:s')",å³¶ç”°,åŠ¹å¤ªæœ—,08-9999-9999,shimada@nc-net.or.jp,product1.caf
"date('Y-m-d H:i:s')",å³¶ç”°,åŠ¹å¤ªæœ—,08-9999-9999,shimada@nc-net.or.jp,product1.dxf
"date('Y-m-d H:i:s')",å³¶ç”°,åŠ¹å¤ªæœ—,08-9999-9999,shimada@nc-net.or.jp,CAD0011.html
"date('Y-m-d H:i:s')",å³¶ç”°,åŠ¹å¤ªæœ—,08-9999-9999,shimada@nc-net.or.jp,CAD0011.caf
"date('Y-m-d H:i:s')",å³¶ç”°,åŠ¹å¤ªæœ—,08-9999-9999,shimada@nc-net.or.jp,CAD0011.dxf
"date('Y-m-d H:i:s')",å³¶ç”°,åŠ¹å¤ªæœ—,08-9999-9999,shimada@nc-net.or.jp,product4.txt
"date('Y-m-d H:i:s')",å³¶ç”°,åŠ¹å¤ªæœ—,08-9999-9999,shimada@nc-net.or.jp,product1.caf
"date('Y-m-d H:i:s')",å³¶ç”°,åŠ¹å¤ªæœ—,08-9999-9999,shimada@nc-net.or.jp,product1.dxf
"date('Y-m-d H:i:s')",å³¶ç”°,åŠ¹å¤ªæœ—,08-9999-9999,kotaroshimada38@gmail.com,CAD0011.html
"date('Y-m-d H:i:s')",å³¶ç”°,åŠ¹å¤ªæœ—,08-9999-9999,kotaroshimada38@gmail.com,CAD0011.caf
"date('Y-m-d H:i:s')",å³¶ç”°,åŠ¹å¤ªæœ—,08-9999-9999,kotaroshimada38@gmail.com,CAD0011.dxf
"date('Y-m-d H:i:s')",å³¶ç”°,åŠ¹å¤ªæœ—,08-9999-9999,kotaroshimada38@gmail.com,product4.txt
"date('Y-m-d H:i:s')",å³¶ç”°,åŠ¹å¤ªæœ—,08-9999-9999,kotaroshimada38@gmail.com,product1.caf
"date('Y-m-d H:i:s')",å³¶ç”°,åŠ¹å¤ªæœ—,08-9999-9999,kotaroshimada38@gmail.com,product1.dxf
"date('Y-m-d H:i:s')",å³¶ç”°,åŠ¹å¤ªæœ—,08-9999-9999,kotaroshimada38@gmail.com,CAD0011.html
"date('Y-m-d H:i:s')",å³¶ç”°,åŠ¹å¤ªæœ—,08-9999-9999,kotaroshimada38@gmail.com,CAD0011.caf
"date('Y-m-d H:i:s')",å³¶ç”°,åŠ¹å¤ªæœ—,08-9999-9999,kotaroshimada38@gmail.com,CAD0011.dxf
"date('Y-m-d H:i:s')",å³¶ç”°,åŠ¹å¤ªæœ—,08-9999-9999,kotaroshimada38@gmail.com,product4.txt
"date('Y-m-d H:i:s')",å³¶ç”°,åŠ¹å¤ªæœ—,08-9999-9999,kotaroshimada38@gmail.com,product1.caf
"date('Y-m-d H:i:s')",å³¶ç”°,åŠ¹å¤ªæœ—,08-9999-9999,kotaroshimada38@gmail.com,product1.dxf
"date('Y-m-d H:i:s')",å³¶ç”°,åŠ¹å¤ªæœ—,08-9999-9999,kotaroshimada38@gmail.com,CAD0011.html
"date('Y-m-d H:i:s')",å³¶ç”°,åŠ¹å¤ªæœ—,08-9999-9999,kotaroshimada38@gmail.com,CAD0011.caf
"date('Y-m-d H:i:s')",å³¶ç”°,åŠ¹å¤ªæœ—,08-9999-9999,kotaroshimada38@gmail.com,CAD0011.dxf
"date('Y-m-d H:i:s')",å³¶ç”°,åŠ¹å¤ªæœ—,08-9999-9999,kotaroshimada38@gmail.com,product4.txt
"date('Y-m-d H:i:s')",å³¶ç”°,åŠ¹å¤ªæœ—,08-9999-9999,kotaroshimada38@gmail.com,product1.caf
"date('Y-m-d H:i:s')",å³¶ç”°,åŠ¹å¤ªæœ—,08-9999-9999,kotaroshimada38@gmail.com,product1.dxf
"2012-08-16 10:02:33",,,,,CAD0011.html
"2012-08-16 10:02:33",,,,,CAD0011.caf
"2012-08-16 10:02:33",,,,,CAD0011.dxf
"2012-08-16 10:02:33",,,,,product4.txt
"2012-08-16 10:02:33",,,,,product1.caf
"2012-08-16 10:02:33",,,,,product1.dxf
"2012-08-16 10:04:33",A,A,A,A,CAD0011.html
"2012-08-16 10:04:33",A,A,A,A,CAD0011.caf
"2012-08-16 10:04:33",A,A,A,A,CAD0011.dxf
"2012-08-16 10:04:33",A,A,A,A,product4.txt
"2012-08-16 10:04:33",A,A,A,A,product1.caf
"2012-08-16 10:04:33",A,A,A,A,product1.dxf
"2012-08-16 10:05:09",,,,,CAD0011.html
"2012-08-16 10:05:09",,,,,CAD0011.caf
"2012-08-16 10:05:09",,,,,CAD0011.dxf
"2012-08-16 10:05:09",,,,,product4.txt
"2012-08-16 10:05:09",,,,,product1.caf
"2012-08-16 10:05:09",,,,,product1.dxf
"2012-08-16 10:06:03",$BEgED(B,åŠ¹å¤ªæœ—,08-9999-9999,kotaroshimada38@gmail.com,CAD0011.html
"2012-08-16 10:06:03",$BEgED(B,åŠ¹å¤ªæœ—,08-9999-9999,kotaroshimada38@gmail.com,CAD0011.caf
"2012-08-16 10:06:03",$BEgED(B,åŠ¹å¤ªæœ—,08-9999-9999,kotaroshimada38@gmail.com,CAD0011.dxf
"2012-08-16 10:06:03",$BEgED(B,åŠ¹å¤ªæœ—,08-9999-9999,kotaroshimada38@gmail.com,product4.txt
"2012-08-16 10:06:03",$BEgED(B,åŠ¹å¤ªæœ—,08-9999-9999,kotaroshimada38@gmail.com,product1.caf
"2012-08-16 10:06:03",$BEgED(B,åŠ¹å¤ªæœ—,08-9999-9999,kotaroshimada38@gmail.com,product1.dxf
